{
  "quote_metrics": {
    "precision": 0.9183673469387755,
    "recall": 0.9782608695652174,
    "f1_score": 0.9473684210526316
  },
  "entity_metrics": {
    "precision": 0.773972602739726,
    "recall": 0.8188405797101449,
    "f1_score": 0.795774647887324
  },
  "attribution_metrics": {
    "precision": 0.7346938775510204,
    "recall": 0.782608695652174,
    "f1_score": 0.7578947368421053
  }
}